<?xml version="1.0" encoding="UTF-8"?>
<project-private xmlns="http://www.netbeans.org/ns/project-private/1">
    <editor-bookmarks xmlns="http://www.netbeans.org/ns/editor-bookmarks/2" lastBookmarkId="0"/>
    <open-files xmlns="http://www.netbeans.org/ns/projectui-open-files/2">
        <group>
            <file>file:/C:/Users/ixcor/Desktop/Ixent/UNI/PROP/A1%20Robocode/RobocodeEX1/src/upc/edu/prop/RobotInutil.java</file>
            <file>file:/C:/Users/ixcor/Desktop/Ixent/UNI/PROP/A1%20Robocode/RobocodeEX1/src/upc/edu/prop/inutils.team</file>
            <file>file:/C:/Users/ixcor/Desktop/Ixent/UNI/PROP/A1%20Robocode/RobocodeEX1/src/upc/edu/prop/CornerRobot.java</file>
            <file>file:/C:/Users/ixcor/Desktop/Ixent/UNI/PROP/A1%20Robocode/RobocodeEX1/src/upc/edu/prop/pepins.team</file>
        </group>
    </open-files>
</project-private>
